"Status","Start Time","Stop Time","Duration in ms","Parent Suite","Suite","Sub Suite","Test Class","Test Method","Name","Description"
"passed","Fri May 17 22:43:06 GMT 2024","Fri May 17 22:43:09 GMT 2024","2276","firefox","","Parish groups menu tests","","","Clicking the ""Grupa Modlitwy św. Ojca Pio"" link","Clicking the ""Grupa Modlitwy św. Ojca Pio"" link"
"passed","Fri May 17 22:42:48 GMT 2024","Fri May 17 22:42:51 GMT 2024","2403","chromium","","Incorrect phrase","","","Typing the ""Vologda"" as the incorrect phrase","Typing the ""Vologda"" link"
"passed","Fri May 17 22:44:14 GMT 2024","Fri May 17 22:44:17 GMT 2024","2460","Microsoft Edge","","Main menu links","","","Clicking the ""Intencje"" link","Clicking the ""Intencje"" link"
"passed","Fri May 17 22:42:55 GMT 2024","Fri May 17 22:42:59 GMT 2024","3432","firefox","","Main menu links","","","Clicking the ""Intencje"" link","Clicking the ""Intencje"" link"
"passed","Fri May 17 22:45:28 GMT 2024","Fri May 17 22:45:31 GMT 2024","2519","Google Chrome","","Photo gallery menu tests","","","Clicking the ""Anno Domini 2008"" link","Clicking the ""Anno Domini 2008"" link"
"passed","Fri May 17 22:43:10 GMT 2024","Fri May 17 22:43:13 GMT 2024","3063","firefox","","Parish groups menu tests","","","Clicking the ""Redakcja gazetki ""Magnificat"""" link","Clicking the ""Redakcja gazetki ""Magnificat"""" link"
"passed","Fri May 17 22:43:51 GMT 2024","Fri May 17 22:43:54 GMT 2024","2360","Mobile Chrome","","The main menu items","","","Touching the ""Ogłoszenia"" menu item","Touching the ""Ogłoszenia"" link"
"passed","Fri May 17 22:42:29 GMT 2024","Fri May 17 22:42:31 GMT 2024","2560","chromium","","Photo gallery menu tests","","","Clicking the ""Anno Domini 2022"" link","Clicking the ""Anno Domini 2022"" link"
"passed","Fri May 17 22:45:14 GMT 2024","Fri May 17 22:45:16 GMT 2024","1815","Google Chrome","","Parish groups menu tests","","","Clicking the ""Nadzwyczajni Szafarze Komunii Świętej"" link","Clicking the ""Nadzwyczajni Szafarze Komunii Świętej"" link"
"passed","Fri May 17 22:43:11 GMT 2024","Fri May 17 22:43:14 GMT 2024","2550","firefox","","Parish groups menu tests","","","Clicking the ""Ruch Światło - Życie"" link","Clicking the ""Ruch Światło - Życie"" link"
"passed","Fri May 17 22:43:18 GMT 2024","Fri May 17 22:43:21 GMT 2024","2946","firefox","","Photo gallery menu tests","","","Clicking the ""Anno Domini 2019"" link","Clicking the ""Anno Domini 2019"" link"
"passed","Fri May 17 22:42:19 GMT 2024","Fri May 17 22:42:21 GMT 2024","1812","chromium","","Parish groups menu tests","","","Clicking the ""Bractwo Pocieszenia NMP"" link","Clicking the ""Bractwo Pocieszenia NMP"" link"
"passed","Fri May 17 22:44:22 GMT 2024","Fri May 17 22:44:24 GMT 2024","1780","Microsoft Edge","","Parish groups menu tests","","","Clicking the ""Grupa Modlitwy św. Ojca Pio"" link","Clicking the ""Grupa Modlitwy św. Ojca Pio"" link"
"passed","Fri May 17 22:42:28 GMT 2024","Fri May 17 22:42:30 GMT 2024","1669","chromium","","Parish history menu tests","","","Clicking the ""Z kart historii"" link","Clicking the ""Z kart historii"" link"
"passed","Fri May 17 22:42:36 GMT 2024","Fri May 17 22:42:38 GMT 2024","2365","chromium","","Photo gallery menu tests","","","Clicking the ""Anno Domini 2012"" link","Clicking the ""Anno Domini 2012"" link"
"passed","Fri May 17 22:44:27 GMT 2024","Fri May 17 22:44:29 GMT 2024","2232","Microsoft Edge","","Photo gallery menu tests","","","Clicking the ""Anno Domini 2023"" link","Clicking the ""Anno Domini 2023"" link"
"passed","Fri May 17 22:45:06 GMT 2024","Fri May 17 22:45:09 GMT 2024","2499","Google Chrome","","Main menu links","","","Clicking the ""Galeria zdjęć"" link","Clicking the ""Galeria zdjęć"" link"
"passed","Fri May 17 22:42:37 GMT 2024","Fri May 17 22:42:39 GMT 2024","2267","chromium","","Photo gallery menu tests","","","Clicking the ""Anno Domini 2009"" link","Clicking the ""Anno Domini 2009"" link"
"passed","Fri May 17 22:42:16 GMT 2024","Fri May 17 22:42:19 GMT 2024","2129","chromium","","Main menu links","","","Clicking the ""Duszpasterze"" link","Clicking the ""Duszpasterze"" link"
"passed","Fri May 17 22:42:30 GMT 2024","Fri May 17 22:42:32 GMT 2024","2272","chromium","","Photo gallery menu tests","","","Clicking the ""Anno Domini 2021"" link","Clicking the ""Anno Domini 2021"" link"
"passed","Fri May 17 22:45:06 GMT 2024","Fri May 17 22:45:09 GMT 2024","2483","Google Chrome","","Main menu links","","","Clicking the ""Kontakt"" link","Clicking the ""Kontakt"" link"
"passed","Fri May 17 22:42:28 GMT 2024","Fri May 17 22:42:30 GMT 2024","1831","chromium","","Parish history menu tests","","","Clicking the ""Wnętrze kościoła - ołtarz"" link","Clicking the ""Wnętrze kościoła - ołtarz"" link"
"passed","Fri May 17 22:42:49 GMT 2024","Fri May 17 22:42:55 GMT 2024","6217","firefox","","Main menu dropdown list","","","Clicking the ""Sakramenty – zasady udzielania, terminy"" link of the drop-down list","Clicking the ""Sakramenty – zasady udzielania, terminy"" link"
"passed","Fri May 17 22:42:50 GMT 2024","Fri May 17 22:42:55 GMT 2024","5444","firefox","","Main menu dropdown list","","","Clicking the ""Odwiedziny chorych i starszych wiekiem parafian"" link of the drop-down list","Clicking the ""Odwiedziny chorych i starszych wiekiem parafian"" link"
"passed","Fri May 17 22:45:10 GMT 2024","Fri May 17 22:45:11 GMT 2024","1736","Google Chrome","","Parish groups menu tests","","","Clicking the ""Chór Parafialny ""Assumptio"""" link","Clicking the ""Chór Parafialny ""Assumptio"""" link"
"passed","Fri May 17 22:42:43 GMT 2024","Fri May 17 22:42:46 GMT 2024","2460","chromium","","Correct phrase","","","Typing the ""intencje"" as the correct phrase","Typing the ""intencje"" link"
"passed","Fri May 17 22:42:21 GMT 2024","Fri May 17 22:42:23 GMT 2024","1874","chromium","","Parish groups menu tests","","","Clicking the ""Chór Parafialny ""Assumptio"""" link","Clicking the ""Chór Parafialny ""Assumptio"""" link"
"passed","Fri May 17 22:43:09 GMT 2024","Fri May 17 22:43:11 GMT 2024","2456","firefox","","Parish groups menu tests","","","Clicking the ""Ministranci"" link","Clicking the ""Ministranci"" link"
"passed","Fri May 17 22:45:13 GMT 2024","Fri May 17 22:45:15 GMT 2024","1780","Google Chrome","","Parish groups menu tests","","","Clicking the ""Ministranci"" link","Clicking the ""Ministranci"" link"
"passed","Fri May 17 22:43:46 GMT 2024","Fri May 17 22:43:50 GMT 2024","4254","Mobile Chrome","","Sub dropdown list","","","Touching the ""Sakramenty – zasady udzielania, terminy"" menu item","Touching the ""Sakramenty – zasady udzielania, terminy"" link"
"passed","Fri May 17 22:44:23 GMT 2024","Fri May 17 22:44:25 GMT 2024","1766","Microsoft Edge","","Parish groups menu tests","","","Clicking the ""Mężczyźni św. Józefa"" link","Clicking the ""Mężczyźni św. Józefa"" link"
"passed","Fri May 17 22:45:27 GMT 2024","Fri May 17 22:45:29 GMT 2024","2318","Google Chrome","","Photo gallery menu tests","","","Clicking the ""Anno Domini 2010"" link","Clicking the ""Anno Domini 2010"" link"
"passed","Fri May 17 22:44:24 GMT 2024","Fri May 17 22:44:25 GMT 2024","1761","Microsoft Edge","","Parish groups menu tests","","","Clicking the ""Nadzwyczajni Szafarze Komunii Świętej"" link","Clicking the ""Nadzwyczajni Szafarze Komunii Świętej"" link"
"passed","Fri May 17 22:45:10 GMT 2024","Fri May 17 22:45:12 GMT 2024","1968","Google Chrome","","Parish groups menu tests","","","Clicking the ""Duszpasterstwo Osób Niesłyszących"" link","Clicking the ""Duszpasterstwo Osób Niesłyszących"" link"
"passed","Fri May 17 22:44:51 GMT 2024","Fri May 17 22:44:54 GMT 2024","2813","Microsoft Edge","","Incorrect phrase","","","Typing the ""Vologda"" as the incorrect phrase","Typing the ""Vologda"" link"
"passed","Fri May 17 22:43:31 GMT 2024","Fri May 17 22:43:34 GMT 2024","2845","firefox","","Priests menu links","","","Clicking the ""Kapłani pochodzący"" link","Clicking the ""Kapłani pochodzący"" link"
"passed","Fri May 17 22:43:32 GMT 2024","Fri May 17 22:43:34 GMT 2024","2907","firefox","","Priests menu links","","","Clicking the ""Siostry Boromeuszki"" link","Clicking the ""Siostry Boromeuszki"" link"
"passed","Fri May 17 22:42:40 GMT 2024","Fri May 17 22:42:42 GMT 2024","1914","chromium","","Priests menu links","","","Clicking the ""Obecni duszpasterze"" link","Clicking the ""Obecni duszpasterze"" link"
"passed","Fri May 17 22:44:42 GMT 2024","Fri May 17 22:44:46 GMT 2024","4363","Microsoft Edge","","Priests menu links","","","Clicking the ""Poprzedni proboszczowie"" link","Clicking the ""Poprzedni proboszczowie"" link"
"passed","Fri May 17 22:43:34 GMT 2024","Fri May 17 22:43:38 GMT 2024","4289","firefox","","Correct phrase","","","Typing the ""galeria"" as the correct phrase","Typing the ""galeria"" link"
"passed","Fri May 17 22:42:23 GMT 2024","Fri May 17 22:42:25 GMT 2024","1932","chromium","","Parish groups menu tests","","","Clicking the ""Kręgi Domowego Kościoła"" link","Clicking the ""Kręgi Domowego Kościoła"" link"
"passed","Fri May 17 22:42:31 GMT 2024","Fri May 17 22:42:34 GMT 2024","2955","chromium","","Photo gallery menu tests","","","Clicking the ""Anno Domini 2018"" link","Clicking the ""Anno Domini 2018"" link"
"passed","Fri May 17 22:42:39 GMT 2024","Fri May 17 22:42:41 GMT 2024","2230","chromium","","Photo gallery menu tests","","","Clicking the ""Anno Domini 2007"" link","Clicking the ""Anno Domini 2007"" link"
"passed","Fri May 17 22:42:34 GMT 2024","Fri May 17 22:42:37 GMT 2024","2305","chromium","","Photo gallery menu tests","","","Clicking the ""Anno Domini 2013"" link","Clicking the ""Anno Domini 2013"" link"
"passed","Fri May 17 22:42:23 GMT 2024","Fri May 17 22:42:25 GMT 2024","1879","chromium","","Parish groups menu tests","","","Clicking the ""Legion Maryi"" link","Clicking the ""Legion Maryi"" link"
"passed","Fri May 17 22:44:15 GMT 2024","Fri May 17 22:44:17 GMT 2024","2283","Microsoft Edge","","Main menu links","","","Clicking the ""Duszpasterze"" link","Clicking the ""Duszpasterze"" link"
"passed","Fri May 17 22:45:17 GMT 2024","Fri May 17 22:45:18 GMT 2024","1731","Google Chrome","","Parish history menu tests","","","Clicking the ""Wnętrze kościoła - ołtarz"" link","Clicking the ""Wnętrze kościoła - ołtarz"" link"
"passed","Fri May 17 22:45:30 GMT 2024","Fri May 17 22:45:32 GMT 2024","2740","Google Chrome","","Photo gallery menu tests","","","Clicking the ""Anno Domini 2006"" link","Clicking the ""Anno Domini 2006"" link"
"passed","Fri May 17 22:45:35 GMT 2024","Fri May 17 22:45:38 GMT 2024","2484","Google Chrome","","Correct phrase","","","Typing the ""Schola"" as the correct phrase","Typing the ""Schola"" link"
"passed","Fri May 17 22:44:21 GMT 2024","Fri May 17 22:44:22 GMT 2024","1893","Microsoft Edge","","Parish groups menu tests","","","Clicking the ""Franciszkański Zakon Świeckich"" link","Clicking the ""Franciszkański Zakon Świeckich"" link"
"passed","Fri May 17 22:45:18 GMT 2024","Fri May 17 22:45:21 GMT 2024","2513","Google Chrome","","Photo gallery menu tests","","","Clicking the ""Anno Domini 2020"" link","Clicking the ""Anno Domini 2020"" link"
"passed","Fri May 17 22:45:21 GMT 2024","Fri May 17 22:45:23 GMT 2024","2485","Google Chrome","","Photo gallery menu tests","","","Clicking the ""Anno Domini 2016"" link","Clicking the ""Anno Domini 2016"" link"
"passed","Fri May 17 22:44:17 GMT 2024","Fri May 17 22:44:19 GMT 2024","2221","Microsoft Edge","","Main menu links","","","Clicking the ""Galeria zdjęć"" link","Clicking the ""Galeria zdjęć"" link"
"passed","Fri May 17 22:45:18 GMT 2024","Fri May 17 22:45:20 GMT 2024","2476","Google Chrome","","Photo gallery menu tests","","","Clicking the ""Anno Domini 2022"" link","Clicking the ""Anno Domini 2022"" link"
"passed","Fri May 17 22:44:19 GMT 2024","Fri May 17 22:44:21 GMT 2024","1835","Microsoft Edge","","Parish groups menu tests","","","Clicking the ""Bractwo Szkaplerza Świętego"" link","Clicking the ""Bractwo Szkaplerza Świętego"" link"
"passed","Fri May 17 22:43:03 GMT 2024","Fri May 17 22:43:05 GMT 2024","2371","firefox","","Parish groups menu tests","","","Clicking the ""Bractwo Żywego Różańca"" link","Clicking the ""Bractwo Żywego Różańca"" link"
"passed","Fri May 17 22:44:32 GMT 2024","Fri May 17 22:44:36 GMT 2024","3632","Microsoft Edge","","Photo gallery menu tests","","","Clicking the ""Anno Domini 2015"" link","Clicking the ""Anno Domini 2015"" link"
"passed","Fri May 17 22:45:08 GMT 2024","Fri May 17 22:45:10 GMT 2024","1792","Google Chrome","","Parish groups menu tests","","","Clicking the ""Bractwo Eucharystyczne"" link","Clicking the ""Bractwo Eucharystyczne"" link"
"passed","Fri May 17 22:45:32 GMT 2024","Fri May 17 22:45:34 GMT 2024","2202","Google Chrome","","Priests menu links","","","Clicking the ""Siostry Boromeuszki"" link","Clicking the ""Siostry Boromeuszki"" link"
"passed","Fri May 17 22:43:59 GMT 2024","Fri May 17 22:44:13 GMT 2024","14252","Microsoft Edge","","Main menu dropdown list","","","Clicking the ""Odwiedziny chorych i starszych wiekiem parafian"" link of the drop-down list","Clicking the ""Odwiedziny chorych i starszych wiekiem parafian"" link"
"passed","Fri May 17 22:44:24 GMT 2024","Fri May 17 22:44:25 GMT 2024","1777","Microsoft Edge","","Parish groups menu tests","","","Clicking the ""Ministranci"" link","Clicking the ""Ministranci"" link"
"passed","Fri May 17 22:42:46 GMT 2024","Fri May 17 22:42:48 GMT 2024","2206","chromium","","Incorrect phrase","","","Typing the ""Bosset"" as the incorrect phrase","Typing the ""Bosset"" link"
"passed","Fri May 17 22:42:23 GMT 2024","Fri May 17 22:42:24 GMT 2024","1932","chromium","","Parish groups menu tests","","","Clicking the ""Grupa Modlitwy św. Ojca Pio"" link","Clicking the ""Grupa Modlitwy św. Ojca Pio"" link"
"passed","Fri May 17 22:45:33 GMT 2024","Fri May 17 22:45:35 GMT 2024","2442","Google Chrome","","Correct phrase","","","Typing the ""grupy"" as the correct phrase","Typing the ""grupy"" link"
"passed","Fri May 17 22:42:49 GMT 2024","Fri May 17 22:42:55 GMT 2024","6314","firefox","","Main menu dropdown list","","","Clicking the ""Porządek Mszy św. i nabożeństw"" link of the drop-down list","Clicking the ""Porządek Mszy św. i nabożeństw"" link"
"passed","Fri May 17 22:44:22 GMT 2024","Fri May 17 22:44:24 GMT 2024","1797","Microsoft Edge","","Parish groups menu tests","","","Clicking the ""Kręgi Domowego Kościoła"" link","Clicking the ""Kręgi Domowego Kościoła"" link"
"passed","Fri May 17 22:43:07 GMT 2024","Fri May 17 22:43:10 GMT 2024","2611","firefox","","Parish groups menu tests","","","Clicking the ""Legion Maryi"" link","Clicking the ""Legion Maryi"" link"
"passed","Fri May 17 22:43:02 GMT 2024","Fri May 17 22:43:05 GMT 2024","2690","firefox","","Parish groups menu tests","","","Clicking the ""Bractwo Szkaplerza Świętego"" link","Clicking the ""Bractwo Szkaplerza Świętego"" link"
"passed","Fri May 17 22:43:14 GMT 2024","Fri May 17 22:43:16 GMT 2024","2450","firefox","","Parish history menu tests","","","Clicking the ""Wnętrze kościoła - ołtarz"" link","Clicking the ""Wnętrze kościoła - ołtarz"" link"
"passed","Fri May 17 22:44:25 GMT 2024","Fri May 17 22:44:27 GMT 2024","1771","Microsoft Edge","","Parish groups menu tests","","","Clicking the ""Ruch Światło - Życie"" link","Clicking the ""Ruch Światło - Życie"" link"
"passed","Fri May 17 22:44:54 GMT 2024","Fri May 17 22:45:03 GMT 2024","9208","Google Chrome","","Main menu dropdown list","","","Clicking the ""Odwiedziny chorych i starszych wiekiem parafian"" link of the drop-down list","Clicking the ""Odwiedziny chorych i starszych wiekiem parafian"" link"
"passed","Fri May 17 22:45:31 GMT 2024","Fri May 17 22:45:33 GMT 2024","2078","Google Chrome","","Priests menu links","","","Clicking the ""Poprzedni proboszczowie"" link","Clicking the ""Poprzedni proboszczowie"" link"
"passed","Fri May 17 22:44:24 GMT 2024","Fri May 17 22:44:26 GMT 2024","1778","Microsoft Edge","","Parish groups menu tests","","","Clicking the ""Redakcja gazetki ""Magnificat"""" link","Clicking the ""Redakcja gazetki ""Magnificat"""" link"
"passed","Fri May 17 22:45:14 GMT 2024","Fri May 17 22:45:16 GMT 2024","1797","Google Chrome","","Parish groups menu tests","","","Clicking the ""Rodzina Radia Maryja"" link","Clicking the ""Rodzina Radia Maryja"" link"
"failed","Fri May 17 22:44:05 GMT 2024","Fri May 17 22:44:14 GMT 2024","9094","Mobile Chrome","","Sub dropdown list","","","Expanding and collapsing the ""INFORMACJE STAŁE"" dropdown list","Expanding and collapsing the ""INFORMACJE STAŁE"" dropdown list"
"passed","Fri May 17 22:44:25 GMT 2024","Fri May 17 22:44:27 GMT 2024","1752","Microsoft Edge","","Parish groups menu tests","","","Clicking the ""Rodzina Radia Maryja"" link","Clicking the ""Rodzina Radia Maryja"" link"
"passed","Fri May 17 22:44:27 GMT 2024","Fri May 17 22:44:28 GMT 2024","1546","Microsoft Edge","","Parish history menu tests","","","Clicking the ""Z kart historii"" link","Clicking the ""Z kart historii"" link"
"passed","Fri May 17 22:45:14 GMT 2024","Fri May 17 22:45:16 GMT 2024","1794","Google Chrome","","Parish groups menu tests","","","Clicking the ""Redakcja gazetki ""Magnificat"""" link","Clicking the ""Redakcja gazetki ""Magnificat"""" link"
"passed","Fri May 17 22:42:36 GMT 2024","Fri May 17 22:42:39 GMT 2024","2418","chromium","","Photo gallery menu tests","","","Clicking the ""Anno Domini 2011"" link","Clicking the ""Anno Domini 2011"" link"
"passed","Fri May 17 22:44:41 GMT 2024","Fri May 17 22:44:45 GMT 2024","3721","Microsoft Edge","","Photo gallery menu tests","","","Clicking the ""Anno Domini 2005"" link","Clicking the ""Anno Domini 2005"" link"
"passed","Fri May 17 22:44:16 GMT 2024","Fri May 17 22:44:18 GMT 2024","2362","Microsoft Edge","","Main menu links","","","Clicking the ""Historia parafii"" link","Clicking the ""Historia parafii"" link"
"passed","Fri May 17 22:44:43 GMT 2024","Fri May 17 22:44:47 GMT 2024","3480","Microsoft Edge","","Priests menu links","","","Clicking the ""Kapłani pochodzący"" link","Clicking the ""Kapłani pochodzący"" link"
"passed","Fri May 17 22:45:27 GMT 2024","Fri May 17 22:45:30 GMT 2024","2234","Google Chrome","","Photo gallery menu tests","","","Clicking the ""Anno Domini 2009"" link","Clicking the ""Anno Domini 2009"" link"
"passed","Fri May 17 22:44:47 GMT 2024","Fri May 17 22:44:50 GMT 2024","2615","Microsoft Edge","","Correct phrase","","","Typing the ""intencje"" as the correct phrase","Typing the ""intencje"" link"
"passed","Fri May 17 22:43:33 GMT 2024","Fri May 17 22:43:37 GMT 2024","3933","firefox","","Correct phrase","","","Typing the ""grupy"" as the correct phrase","Typing the ""grupy"" link"
"passed","Fri May 17 22:42:24 GMT 2024","Fri May 17 22:42:26 GMT 2024","2023","chromium","","Parish groups menu tests","","","Clicking the ""Mężczyźni św. Józefa"" link","Clicking the ""Mężczyźni św. Józefa"" link"
"passed","Fri May 17 22:45:20 GMT 2024","Fri May 17 22:45:22 GMT 2024","2525","Google Chrome","","Photo gallery menu tests","","","Clicking the ""Anno Domini 2019"" link","Clicking the ""Anno Domini 2019"" link"
"passed","Fri May 17 22:45:30 GMT 2024","Fri May 17 22:45:32 GMT 2024","2202","Google Chrome","","Photo gallery menu tests","","","Clicking the ""Anno Domini 2005"" link","Clicking the ""Anno Domini 2005"" link"
"passed","Fri May 17 22:42:21 GMT 2024","Fri May 17 22:42:23 GMT 2024","1861","chromium","","Parish groups menu tests","","","Clicking the ""Franciszkański Zakon Świeckich"" link","Clicking the ""Franciszkański Zakon Świeckich"" link"
"passed","Fri May 17 22:42:57 GMT 2024","Fri May 17 22:43:00 GMT 2024","2923","firefox","","Main menu links","","","Clicking the ""Duszpasterze"" link","Clicking the ""Duszpasterze"" link"
"passed","Fri May 17 22:42:26 GMT 2024","Fri May 17 22:42:28 GMT 2024","2030","chromium","","Parish groups menu tests","","","Clicking the ""Rodzina Radia Maryja"" link","Clicking the ""Rodzina Radia Maryja"" link"
"passed","Fri May 17 22:43:55 GMT 2024","Fri May 17 22:43:57 GMT 2024","2340","Mobile Chrome","","The main menu items","","","Touching the ""Galeria zdjęć"" menu item","Touching the ""Galeria zdjęć"" link"
"passed","Fri May 17 22:42:32 GMT 2024","Fri May 17 22:42:34 GMT 2024","2283","chromium","","Photo gallery menu tests","","","Clicking the ""Anno Domini 2017"" link","Clicking the ""Anno Domini 2017"" link"
"passed","Fri May 17 22:44:22 GMT 2024","Fri May 17 22:44:24 GMT 2024","1888","Microsoft Edge","","Parish groups menu tests","","","Clicking the ""Legion Maryi"" link","Clicking the ""Legion Maryi"" link"
"passed","Fri May 17 22:42:39 GMT 2024","Fri May 17 22:42:41 GMT 2024","2336","chromium","","Photo gallery menu tests","","","Clicking the ""Anno Domini 2006"" link","Clicking the ""Anno Domini 2006"" link"
"passed","Fri May 17 22:44:30 GMT 2024","Fri May 17 22:44:33 GMT 2024","2311","Microsoft Edge","","Photo gallery menu tests","","","Clicking the ""Anno Domini 2018"" link","Clicking the ""Anno Domini 2018"" link"
"passed","Fri May 17 22:43:05 GMT 2024","Fri May 17 22:43:07 GMT 2024","2669","firefox","","Parish groups menu tests","","","Clicking the ""Duszpasterstwo Osób Niesłyszących"" link","Clicking the ""Duszpasterstwo Osób Niesłyszących"" link"
"passed","Fri May 17 22:43:55 GMT 2024","Fri May 17 22:43:57 GMT 2024","2362","Mobile Chrome","","The main menu items","","","Touching the ""Historia parafii"" menu item","Touching the ""Historia parafii"" link"
"passed","Fri May 17 22:44:28 GMT 2024","Fri May 17 22:44:31 GMT 2024","2330","Microsoft Edge","","Photo gallery menu tests","","","Clicking the ""Anno Domini 2021"" link","Clicking the ""Anno Domini 2021"" link"
"passed","Fri May 17 22:45:06 GMT 2024","Fri May 17 22:45:08 GMT 2024","2184","Google Chrome","","Main menu links","","","Clicking the ""Grupy parafialne"" link","Clicking the ""Grupy parafialne"" link"
"passed","Fri May 17 22:45:18 GMT 2024","Fri May 17 22:45:20 GMT 2024","2096","Google Chrome","","Photo gallery menu tests","","","Clicking the ""Anno Domini 2023"" link","Clicking the ""Anno Domini 2023"" link"
"passed","Fri May 17 22:43:13 GMT 2024","Fri May 17 22:43:15 GMT 2024","2334","firefox","","Parish history menu tests","","","Clicking the ""Z kart historii"" link","Clicking the ""Z kart historii"" link"
"passed","Fri May 17 22:45:09 GMT 2024","Fri May 17 22:45:11 GMT 2024","1748","Google Chrome","","Parish groups menu tests","","","Clicking the ""Bractwo Żywego Różańca"" link","Clicking the ""Bractwo Żywego Różańca"" link"
"passed","Fri May 17 22:44:46 GMT 2024","Fri May 17 22:44:48 GMT 2024","2212","Microsoft Edge","","Priests menu links","","","Clicking the ""Kapłani od 1980 r."" link","Clicking the ""Kapłani od 1980 r."" link"
"passed","Fri May 17 22:44:47 GMT 2024","Fri May 17 22:44:49 GMT 2024","2531","Microsoft Edge","","Correct phrase","","","Typing the ""galeria"" as the correct phrase","Typing the ""galeria"" link"
"passed","Fri May 17 22:45:16 GMT 2024","Fri May 17 22:45:18 GMT 2024","1827","Google Chrome","","Parish groups menu tests","","","Clicking the ""Pola działalności duszpasterskiej"" link","Clicking the ""Pola działalności duszpasterskiej"" link"
"passed","Fri May 17 22:45:03 GMT 2024","Fri May 17 22:45:06 GMT 2024","2962","Google Chrome","","Main menu links","","","Clicking the ""Ogłoszenia"" link","Clicking the ""Ogłoszenia"" link"
"passed","Fri May 17 22:43:13 GMT 2024","Fri May 17 22:43:16 GMT 2024","2775","firefox","","Parish groups menu tests","","","Clicking the ""Schola Dziecięca"" link","Clicking the ""Schola Dziecięca"" link"
"passed","Fri May 17 22:44:27 GMT 2024","Fri May 17 22:44:29 GMT 2024","1748","Microsoft Edge","","Parish history menu tests","","","Clicking the ""Wnętrze kościoła - ołtarz"" link","Clicking the ""Wnętrze kościoła - ołtarz"" link"
"passed","Fri May 17 22:43:16 GMT 2024","Fri May 17 22:43:19 GMT 2024","3261","firefox","","Photo gallery menu tests","","","Clicking the ""Anno Domini 2022"" link","Clicking the ""Anno Domini 2022"" link"
"passed","Fri May 17 22:43:52 GMT 2024","Fri May 17 22:43:55 GMT 2024","2347","Mobile Chrome","","The main menu items","","","Touching the ""Duszpasterze"" menu item","Touching the ""Duszpasterze"" link"
"passed","Fri May 17 22:45:09 GMT 2024","Fri May 17 22:45:11 GMT 2024","1880","Google Chrome","","Parish groups menu tests","","","Clicking the ""Bractwo Szkaplerza Świętego"" link","Clicking the ""Bractwo Szkaplerza Świętego"" link"
"passed","Fri May 17 22:44:20 GMT 2024","Fri May 17 22:44:22 GMT 2024","1800","Microsoft Edge","","Parish groups menu tests","","","Clicking the ""Duszpasterstwo Osób Niesłyszących"" link","Clicking the ""Duszpasterstwo Osób Niesłyszących"" link"
"passed","Fri May 17 22:44:38 GMT 2024","Fri May 17 22:44:41 GMT 2024","2722","Microsoft Edge","","Photo gallery menu tests","","","Clicking the ""Anno Domini 2010"" link","Clicking the ""Anno Domini 2010"" link"
"passed","Fri May 17 22:43:45 GMT 2024","Fri May 17 22:43:48 GMT 2024","2942","Mobile Chrome","","Main menu","","","Expanding and collapsing the menu dropdown list","Expanding and collapsing the menu dropdown list"
"passed","Fri May 17 22:43:39 GMT 2024","Fri May 17 22:43:43 GMT 2024","4277","firefox","","Incorrect phrase","","","Typing the ""Bosset"" as the incorrect phrase","Typing the ""Bosset"" link"
"passed","Fri May 17 22:43:22 GMT 2024","Fri May 17 22:43:26 GMT 2024","3656","firefox","","Photo gallery menu tests","","","Clicking the ""Anno Domini 2013"" link","Clicking the ""Anno Domini 2013"" link"
"passed","Fri May 17 22:43:25 GMT 2024","Fri May 17 22:43:28 GMT 2024","3021","firefox","","Photo gallery menu tests","","","Clicking the ""Anno Domini 2010"" link","Clicking the ""Anno Domini 2010"" link"
"passed","Fri May 17 22:44:21 GMT 2024","Fri May 17 22:44:23 GMT 2024","1843","Microsoft Edge","","Parish groups menu tests","","","Clicking the ""Grupa dorosłych lektorów"" link","Clicking the ""Grupa dorosłych lektorów"" link"
"passed","Fri May 17 22:43:29 GMT 2024","Fri May 17 22:43:32 GMT 2024","3510","firefox","","Photo gallery menu tests","","","Clicking the ""Anno Domini 2005"" link","Clicking the ""Anno Domini 2005"" link"
"passed","Fri May 17 22:42:19 GMT 2024","Fri May 17 22:42:21 GMT 2024","2010","chromium","","Main menu links","","","Clicking the ""Kontakt"" link","Clicking the ""Kontakt"" link"
"passed","Fri May 17 22:42:36 GMT 2024","Fri May 17 22:42:39 GMT 2024","2271","chromium","","Photo gallery menu tests","","","Clicking the ""Anno Domini 2010"" link","Clicking the ""Anno Domini 2010"" link"
"passed","Fri May 17 22:45:16 GMT 2024","Fri May 17 22:45:18 GMT 2024","1758","Google Chrome","","Parish groups menu tests","","","Clicking the ""Schola Dziecięca"" link","Clicking the ""Schola Dziecięca"" link"
"passed","Fri May 17 22:44:41 GMT 2024","Fri May 17 22:44:46 GMT 2024","4229","Microsoft Edge","","Priests menu links","","","Clicking the ""Obecni duszpasterze"" link","Clicking the ""Obecni duszpasterze"" link"
"passed","Fri May 17 22:43:08 GMT 2024","Fri May 17 22:43:10 GMT 2024","2530","firefox","","Parish groups menu tests","","","Clicking the ""Mężczyźni św. Józefa"" link","Clicking the ""Mężczyźni św. Józefa"" link"
"passed","Fri May 17 22:45:12 GMT 2024","Fri May 17 22:45:14 GMT 2024","2019","Google Chrome","","Parish groups menu tests","","","Clicking the ""Kręgi Domowego Kościoła"" link","Clicking the ""Kręgi Domowego Kościoła"" link"
"passed","Fri May 17 22:45:38 GMT 2024","Fri May 17 22:45:40 GMT 2024","2529","Google Chrome","","Incorrect phrase","","","Typing the ""Vologda"" as the incorrect phrase","Typing the ""Vologda"" link"
"passed","Fri May 17 22:44:39 GMT 2024","Fri May 17 22:44:42 GMT 2024","2273","Microsoft Edge","","Photo gallery menu tests","","","Clicking the ""Anno Domini 2007"" link","Clicking the ""Anno Domini 2007"" link"
"passed","Fri May 17 22:42:41 GMT 2024","Fri May 17 22:42:43 GMT 2024","2315","chromium","","Priests menu links","","","Clicking the ""Kapłani pochodzący"" link","Clicking the ""Kapłani pochodzący"" link"
"passed","Fri May 17 22:45:26 GMT 2024","Fri May 17 22:45:28 GMT 2024","2628","Google Chrome","","Photo gallery menu tests","","","Clicking the ""Anno Domini 2011"" link","Clicking the ""Anno Domini 2011"" link"
"passed","Fri May 17 22:44:33 GMT 2024","Fri May 17 22:44:38 GMT 2024","4759","Microsoft Edge","","Photo gallery menu tests","","","Clicking the ""Anno Domini 2012"" link","Clicking the ""Anno Domini 2012"" link"
"passed","Fri May 17 22:45:06 GMT 2024","Fri May 17 22:45:09 GMT 2024","2496","Google Chrome","","Main menu links","","","Clicking the ""Historia parafii"" link","Clicking the ""Historia parafii"" link"
"passed","Fri May 17 22:44:29 GMT 2024","Fri May 17 22:44:31 GMT 2024","2200","Microsoft Edge","","Photo gallery menu tests","","","Clicking the ""Anno Domini 2020"" link","Clicking the ""Anno Domini 2020"" link"
"passed","Fri May 17 22:43:57 GMT 2024","Fri May 17 22:44:13 GMT 2024","15561","Microsoft Edge","","Main menu dropdown list","","","Clicking the ""Sakramenty – zasady udzielania, terminy"" link of the drop-down list","Clicking the ""Sakramenty – zasady udzielania, terminy"" link"
"passed","Fri May 17 22:43:39 GMT 2024","Fri May 17 22:43:44 GMT 2024","4376","firefox","","Incorrect phrase","","","Typing the ""Almería"" as the incorrect phrase","Typing the ""Almería"" link"
"passed","Fri May 17 22:45:32 GMT 2024","Fri May 17 22:45:35 GMT 2024","2150","Google Chrome","","Priests menu links","","","Clicking the ""Kapłani od 1980 r."" link","Clicking the ""Kapłani od 1980 r."" link"
"passed","Fri May 17 22:43:41 GMT 2024","Fri May 17 22:43:45 GMT 2024","4075","firefox","","Incorrect phrase","","","Typing the ""Vologda"" as the incorrect phrase","Typing the ""Vologda"" link"
"passed","Fri May 17 22:43:29 GMT 2024","Fri May 17 22:43:32 GMT 2024","2757","firefox","","Priests menu links","","","Clicking the ""Obecni duszpasterze"" link","Clicking the ""Obecni duszpasterze"" link"
"passed","Fri May 17 22:43:54 GMT 2024","Fri May 17 22:43:56 GMT 2024","2304","Mobile Chrome","","The main menu items","","","Touching the ""Grupy parafialne"" menu item","Touching the ""Grupy parafialne"" link"
"passed","Fri May 17 22:42:42 GMT 2024","Fri May 17 22:42:44 GMT 2024","2139","chromium","","Priests menu links","","","Clicking the ""Kapłani od 1980 r."" link","Clicking the ""Kapłani od 1980 r."" link"
"passed","Fri May 17 22:43:04 GMT 2024","Fri May 17 22:43:06 GMT 2024","2398","firefox","","Parish groups menu tests","","","Clicking the ""Chór Parafialny ""Assumptio"""" link","Clicking the ""Chór Parafialny ""Assumptio"""" link"
"passed","Fri May 17 22:42:17 GMT 2024","Fri May 17 22:42:19 GMT 2024","2039","chromium","","Main menu links","","","Clicking the ""Galeria zdjęć"" link","Clicking the ""Galeria zdjęć"" link"
"passed","Fri May 17 22:45:11 GMT 2024","Fri May 17 22:45:12 GMT 2024","1776","Google Chrome","","Parish groups menu tests","","","Clicking the ""Franciszkański Zakon Świeckich"" link","Clicking the ""Franciszkański Zakon Świeckich"" link"
"passed","Fri May 17 22:43:15 GMT 2024","Fri May 17 22:43:18 GMT 2024","2921","firefox","","Photo gallery menu tests","","","Clicking the ""Anno Domini 2023"" link","Clicking the ""Anno Domini 2023"" link"
"passed","Fri May 17 22:42:55 GMT 2024","Fri May 17 22:42:59 GMT 2024","3678","firefox","","Main menu links","","","Clicking the ""Ogłoszenia"" link","Clicking the ""Ogłoszenia"" link"
"passed","Fri May 17 22:43:57 GMT 2024","Fri May 17 22:44:13 GMT 2024","15683","Microsoft Edge","","Main menu dropdown list","","","Clicking the ""Porządek Mszy św. i nabożeństw"" link of the drop-down list","Clicking the ""Porządek Mszy św. i nabożeństw"" link"
"passed","Fri May 17 22:43:07 GMT 2024","Fri May 17 22:43:10 GMT 2024","2696","firefox","","Parish groups menu tests","","","Clicking the ""Kręgi Domowego Kościoła"" link","Clicking the ""Kręgi Domowego Kościoła"" link"
"passed","Fri May 17 22:43:32 GMT 2024","Fri May 17 22:43:35 GMT 2024","2705","firefox","","Priests menu links","","","Clicking the ""Kapłani od 1980 r."" link","Clicking the ""Kapłani od 1980 r."" link"
"passed","Fri May 17 22:43:19 GMT 2024","Fri May 17 22:43:22 GMT 2024","3334","firefox","","Photo gallery menu tests","","","Clicking the ""Anno Domini 2018"" link","Clicking the ""Anno Domini 2018"" link"
"passed","Fri May 17 22:42:08 GMT 2024","Fri May 17 22:42:13 GMT 2024","4443","chromium","","Main menu dropdown list","","","Clicking the ""Porządek Mszy św. i nabożeństw"" link of the drop-down list","Clicking the ""Porządek Mszy św. i nabożeństw"" link"
"passed","Fri May 17 22:44:28 GMT 2024","Fri May 17 22:44:30 GMT 2024","2261","Microsoft Edge","","Photo gallery menu tests","","","Clicking the ""Anno Domini 2022"" link","Clicking the ""Anno Domini 2022"" link"
"passed","Fri May 17 22:45:26 GMT 2024","Fri May 17 22:45:28 GMT 2024","2345","Google Chrome","","Photo gallery menu tests","","","Clicking the ""Anno Domini 2012"" link","Clicking the ""Anno Domini 2012"" link"
"passed","Fri May 17 22:42:25 GMT 2024","Fri May 17 22:42:27 GMT 2024","1809","chromium","","Parish groups menu tests","","","Clicking the ""Redakcja gazetki ""Magnificat"""" link","Clicking the ""Redakcja gazetki ""Magnificat"""" link"
"passed","Fri May 17 22:45:15 GMT 2024","Fri May 17 22:45:17 GMT 2024","1740","Google Chrome","","Parish groups menu tests","","","Clicking the ""Ruch Światło - Życie"" link","Clicking the ""Ruch Światło - Życie"" link"
"passed","Fri May 17 22:42:13 GMT 2024","Fri May 17 22:42:15 GMT 2024","1924","chromium","","Main menu links","","","Clicking the ""Strona główna"" link","Clicking the ""Strona główna"" link"
"passed","Fri May 17 22:42:15 GMT 2024","Fri May 17 22:42:17 GMT 2024","2192","chromium","","Main menu links","","","Clicking the ""Intencje"" link","Clicking the ""Intencje"" link"
"passed","Fri May 17 22:45:23 GMT 2024","Fri May 17 22:45:27 GMT 2024","4362","Google Chrome","","Photo gallery menu tests","","","Clicking the ""Anno Domini 2014"" link","Clicking the ""Anno Domini 2014"" link"
"passed","Fri May 17 22:43:34 GMT 2024","Fri May 17 22:43:39 GMT 2024","4259","firefox","","Correct phrase","","","Typing the ""intencje"" as the correct phrase","Typing the ""intencje"" link"
"passed","Fri May 17 22:44:54 GMT 2024","Fri May 17 22:45:03 GMT 2024","9094","Google Chrome","","Main menu dropdown list","","","Clicking the ""Regulamin cmentarza"" link of the drop-down list","Clicking the ""Regulamin cmentarza"" link"
"passed","Fri May 17 22:43:05 GMT 2024","Fri May 17 22:43:07 GMT 2024","2622","firefox","","Parish groups menu tests","","","Clicking the ""Franciszkański Zakon Świeckich"" link","Clicking the ""Franciszkański Zakon Świeckich"" link"
"passed","Fri May 17 22:43:25 GMT 2024","Fri May 17 22:43:29 GMT 2024","3075","firefox","","Photo gallery menu tests","","","Clicking the ""Anno Domini 2009"" link","Clicking the ""Anno Domini 2009"" link"
"passed","Fri May 17 22:43:30 GMT 2024","Fri May 17 22:43:33 GMT 2024","2666","firefox","","Priests menu links","","","Clicking the ""Poprzedni proboszczowie"" link","Clicking the ""Poprzedni proboszczowie"" link"
"passed","Fri May 17 22:44:50 GMT 2024","Fri May 17 22:44:52 GMT 2024","2363","Microsoft Edge","","Incorrect phrase","","","Typing the ""Bosset"" as the incorrect phrase","Typing the ""Bosset"" link"
"passed","Fri May 17 22:43:19 GMT 2024","Fri May 17 22:43:22 GMT 2024","3317","firefox","","Photo gallery menu tests","","","Clicking the ""Anno Domini 2016"" link","Clicking the ""Anno Domini 2016"" link"
"passed","Fri May 17 22:45:30 GMT 2024","Fri May 17 22:45:32 GMT 2024","2013","Google Chrome","","Priests menu links","","","Clicking the ""Obecni duszpasterze"" link","Clicking the ""Obecni duszpasterze"" link"
"passed","Fri May 17 22:43:28 GMT 2024","Fri May 17 22:43:31 GMT 2024","2919","firefox","","Photo gallery menu tests","","","Clicking the ""Anno Domini 2006"" link","Clicking the ""Anno Domini 2006"" link"
"passed","Fri May 17 22:43:45 GMT 2024","Fri May 17 22:43:48 GMT 2024","3102","Mobile Chrome","","Sub dropdown list","","","Touching the ""Porządek Mszy św. i nabożeństw"" menu item","Touching the ""Porządek Mszy św. i nabożeństw"" link"
"passed","Fri May 17 22:44:51 GMT 2024","Fri May 17 22:44:54 GMT 2024","2853","Microsoft Edge","","Incorrect phrase","","","Typing the ""Almería"" as the incorrect phrase","Typing the ""Almería"" link"
"passed","Fri May 17 22:44:25 GMT 2024","Fri May 17 22:44:27 GMT 2024","1784","Microsoft Edge","","Parish groups menu tests","","","Clicking the ""Schola Dziecięca"" link","Clicking the ""Schola Dziecięca"" link"
"passed","Fri May 17 22:44:13 GMT 2024","Fri May 17 22:44:16 GMT 2024","2757","Microsoft Edge","","Main menu dropdown list","","","Clicking the ""Regulamin cmentarza"" link of the drop-down list","Clicking the ""Regulamin cmentarza"" link"
"passed","Fri May 17 22:42:08 GMT 2024","Fri May 17 22:42:16 GMT 2024","8236","chromium","","Main menu dropdown list","","","Clicking the ""Sakramenty – zasady udzielania, terminy"" link of the drop-down list","Clicking the ""Sakramenty – zasady udzielania, terminy"" link"
"passed","Fri May 17 22:42:59 GMT 2024","Fri May 17 22:43:02 GMT 2024","3404","firefox","","Main menu links","","","Clicking the ""Historia parafii"" link","Clicking the ""Historia parafii"" link"
"passed","Fri May 17 22:42:43 GMT 2024","Fri May 17 22:42:46 GMT 2024","2444","chromium","","Correct phrase","","","Typing the ""grupy"" as the correct phrase","Typing the ""grupy"" link"
"passed","Fri May 17 22:42:27 GMT 2024","Fri May 17 22:42:29 GMT 2024","1939","chromium","","Parish groups menu tests","","","Clicking the ""Pola działalności duszpasterskiej"" link","Clicking the ""Pola działalności duszpasterskiej"" link"
"passed","Fri May 17 22:42:34 GMT 2024","Fri May 17 22:42:36 GMT 2024","2172","chromium","","Photo gallery menu tests","","","Clicking the ""Anno Domini 2014"" link","Clicking the ""Anno Domini 2014"" link"
"passed","Fri May 17 22:43:37 GMT 2024","Fri May 17 22:43:41 GMT 2024","4480","firefox","","Correct phrase","","","Typing the ""Schola"" as the correct phrase","Typing the ""Schola"" link"
"passed","Fri May 17 22:45:18 GMT 2024","Fri May 17 22:45:21 GMT 2024","2694","Google Chrome","","Photo gallery menu tests","","","Clicking the ""Anno Domini 2021"" link","Clicking the ""Anno Domini 2021"" link"
"passed","Fri May 17 22:45:32 GMT 2024","Fri May 17 22:45:34 GMT 2024","2334","Google Chrome","","Priests menu links","","","Clicking the ""Kapłani pochodzący"" link","Clicking the ""Kapłani pochodzący"" link"
"passed","Fri May 17 22:44:36 GMT 2024","Fri May 17 22:44:39 GMT 2024","3524","Microsoft Edge","","Photo gallery menu tests","","","Clicking the ""Anno Domini 2011"" link","Clicking the ""Anno Domini 2011"" link"
"passed","Fri May 17 22:42:33 GMT 2024","Fri May 17 22:42:36 GMT 2024","2876","chromium","","Photo gallery menu tests","","","Clicking the ""Anno Domini 2015"" link","Clicking the ""Anno Domini 2015"" link"
"passed","Fri May 17 22:42:33 GMT 2024","Fri May 17 22:42:36 GMT 2024","3484","chromium","","Photo gallery menu tests","","","Clicking the ""Anno Domini 2016"" link","Clicking the ""Anno Domini 2016"" link"
"passed","Fri May 17 22:42:15 GMT 2024","Fri May 17 22:42:17 GMT 2024","2153","chromium","","Main menu links","","","Clicking the ""Ogłoszenia"" link","Clicking the ""Ogłoszenia"" link"
"passed","Fri May 17 22:43:02 GMT 2024","Fri May 17 22:43:05 GMT 2024","2726","firefox","","Parish groups menu tests","","","Clicking the ""Bractwo Pocieszenia NMP"" link","Clicking the ""Bractwo Pocieszenia NMP"" link"
"passed","Fri May 17 22:43:50 GMT 2024","Fri May 17 22:43:52 GMT 2024","1928","Mobile Chrome","","The main menu items","","","Touching the ""Strona główna"" menu item","Touching the ""Strona główna"" link"
"passed","Fri May 17 22:43:16 GMT 2024","Fri May 17 22:43:19 GMT 2024","2832","firefox","","Photo gallery menu tests","","","Clicking the ""Anno Domini 2020"" link","Clicking the ""Anno Domini 2020"" link"
"passed","Fri May 17 22:43:48 GMT 2024","Fri May 17 22:43:52 GMT 2024","3717","Mobile Chrome","","Sub dropdown list","","","Touching the ""Regulamin cmentarza"" menu item","Touching the ""Regulamin cmentarza"" link"
"passed","Fri May 17 22:44:53 GMT 2024","Fri May 17 22:45:03 GMT 2024","10219","Google Chrome","","Main menu dropdown list","","","Clicking the ""Sakramenty – zasady udzielania, terminy"" link of the drop-down list","Clicking the ""Sakramenty – zasady udzielania, terminy"" link"
"passed","Fri May 17 22:44:18 GMT 2024","Fri May 17 22:44:20 GMT 2024","1850","Microsoft Edge","","Parish groups menu tests","","","Clicking the ""Bractwo Eucharystyczne"" link","Clicking the ""Bractwo Eucharystyczne"" link"
"passed","Fri May 17 22:44:13 GMT 2024","Fri May 17 22:44:15 GMT 2024","2097","Microsoft Edge","","Main menu links","","","Clicking the ""Strona główna"" link","Clicking the ""Strona główna"" link"
"passed","Fri May 17 22:42:46 GMT 2024","Fri May 17 22:42:48 GMT 2024","2450","chromium","","Correct phrase","","","Typing the ""Schola"" as the correct phrase","Typing the ""Schola"" link"
"passed","Fri May 17 22:44:48 GMT 2024","Fri May 17 22:44:51 GMT 2024","2857","Microsoft Edge","","Correct phrase","","","Typing the ""historia"" as the correct phrase","Typing the ""historia"" link"
"passed","Fri May 17 22:44:39 GMT 2024","Fri May 17 22:44:41 GMT 2024","2252","Microsoft Edge","","Photo gallery menu tests","","","Clicking the ""Anno Domini 2009"" link","Clicking the ""Anno Domini 2009"" link"
"passed","Fri May 17 22:45:21 GMT 2024","Fri May 17 22:45:26 GMT 2024","5083","Google Chrome","","Photo gallery menu tests","","","Clicking the ""Anno Domini 2017"" link","Clicking the ""Anno Domini 2017"" link"
"passed","Fri May 17 22:45:22 GMT 2024","Fri May 17 22:45:27 GMT 2024","5026","Google Chrome","","Photo gallery menu tests","","","Clicking the ""Anno Domini 2015"" link","Clicking the ""Anno Domini 2015"" link"
"passed","Fri May 17 22:45:09 GMT 2024","Fri May 17 22:45:10 GMT 2024","1759","Google Chrome","","Parish groups menu tests","","","Clicking the ""Bractwo Pocieszenia NMP"" link","Clicking the ""Bractwo Pocieszenia NMP"" link"
"passed","Fri May 17 22:45:34 GMT 2024","Fri May 17 22:45:37 GMT 2024","3042","Google Chrome","","Correct phrase","","","Typing the ""intencje"" as the correct phrase","Typing the ""intencje"" link"
"passed","Fri May 17 22:43:21 GMT 2024","Fri May 17 22:43:24 GMT 2024","2836","firefox","","Photo gallery menu tests","","","Clicking the ""Anno Domini 2015"" link","Clicking the ""Anno Domini 2015"" link"
"passed","Fri May 17 22:44:18 GMT 2024","Fri May 17 22:44:20 GMT 2024","1965","Microsoft Edge","","Parish groups menu tests","","","Clicking the ""Bractwo Pocieszenia NMP"" link","Clicking the ""Bractwo Pocieszenia NMP"" link"
"passed","Fri May 17 22:42:25 GMT 2024","Fri May 17 22:42:26 GMT 2024","1898","chromium","","Parish groups menu tests","","","Clicking the ""Nadzwyczajni Szafarze Komunii Świętej"" link","Clicking the ""Nadzwyczajni Szafarze Komunii Świętej"" link"
"passed","Fri May 17 22:42:31 GMT 2024","Fri May 17 22:42:33 GMT 2024","2244","chromium","","Photo gallery menu tests","","","Clicking the ""Anno Domini 2019"" link","Clicking the ""Anno Domini 2019"" link"
"passed","Fri May 17 22:44:53 GMT 2024","Fri May 17 22:45:03 GMT 2024","10283","Google Chrome","","Main menu dropdown list","","","Clicking the ""Porządek Mszy św. i nabożeństw"" link of the drop-down list","Clicking the ""Porządek Mszy św. i nabożeństw"" link"
"passed","Fri May 17 22:45:11 GMT 2024","Fri May 17 22:45:13 GMT 2024","1763","Google Chrome","","Parish groups menu tests","","","Clicking the ""Grupa Modlitwy św. Ojca Pio"" link","Clicking the ""Grupa Modlitwy św. Ojca Pio"" link"
"passed","Fri May 17 22:44:33 GMT 2024","Fri May 17 22:44:39 GMT 2024","6804","Microsoft Edge","","Photo gallery menu tests","","","Clicking the ""Anno Domini 2014"" link","Clicking the ""Anno Domini 2014"" link"
"passed","Fri May 17 22:45:23 GMT 2024","Fri May 17 22:45:26 GMT 2024","2423","Google Chrome","","Photo gallery menu tests","","","Clicking the ""Anno Domini 2013"" link","Clicking the ""Anno Domini 2013"" link"
"passed","Fri May 17 22:43:22 GMT 2024","Fri May 17 22:43:25 GMT 2024","3292","firefox","","Photo gallery menu tests","","","Clicking the ""Anno Domini 2012"" link","Clicking the ""Anno Domini 2012"" link"
"passed","Fri May 17 22:42:08 GMT 2024","Fri May 17 22:42:17 GMT 2024","8565","chromium","","Main menu dropdown list","","","Clicking the ""Regulamin cmentarza"" link of the drop-down list","Clicking the ""Regulamin cmentarza"" link"
"passed","Fri May 17 22:43:01 GMT 2024","Fri May 17 22:43:04 GMT 2024","2619","firefox","","Parish groups menu tests","","","Clicking the ""Bractwo Eucharystyczne"" link","Clicking the ""Bractwo Eucharystyczne"" link"
"passed","Fri May 17 22:44:29 GMT 2024","Fri May 17 22:44:32 GMT 2024","2704","Microsoft Edge","","Photo gallery menu tests","","","Clicking the ""Anno Domini 2019"" link","Clicking the ""Anno Domini 2019"" link"
"passed","Fri May 17 22:45:35 GMT 2024","Fri May 17 22:45:37 GMT 2024","2616","Google Chrome","","Correct phrase","","","Typing the ""historia"" as the correct phrase","Typing the ""historia"" link"
"passed","Fri May 17 22:45:03 GMT 2024","Fri May 17 22:45:06 GMT 2024","2304","Google Chrome","","Main menu links","","","Clicking the ""Strona główna"" link","Clicking the ""Strona główna"" link"
"passed","Fri May 17 22:44:26 GMT 2024","Fri May 17 22:44:28 GMT 2024","1786","Microsoft Edge","","Parish groups menu tests","","","Clicking the ""Pola działalności duszpasterskiej"" link","Clicking the ""Pola działalności duszpasterskiej"" link"
"passed","Fri May 17 22:44:45 GMT 2024","Fri May 17 22:44:47 GMT 2024","2204","Microsoft Edge","","Priests menu links","","","Clicking the ""Siostry Boromeuszki"" link","Clicking the ""Siostry Boromeuszki"" link"
"passed","Fri May 17 22:44:31 GMT 2024","Fri May 17 22:44:33 GMT 2024","2312","Microsoft Edge","","Photo gallery menu tests","","","Clicking the ""Anno Domini 2017"" link","Clicking the ""Anno Domini 2017"" link"
"passed","Fri May 17 22:43:56 GMT 2024","Fri May 17 22:43:58 GMT 2024","2308","Mobile Chrome","","The main menu items","","","Touching the ""Kontakt"" menu item","Touching the ""Kontakt"" link"
"passed","Fri May 17 22:44:46 GMT 2024","Fri May 17 22:44:48 GMT 2024","2311","Microsoft Edge","","Correct phrase","","","Typing the ""grupy"" as the correct phrase","Typing the ""grupy"" link"
"passed","Fri May 17 22:42:39 GMT 2024","Fri May 17 22:42:41 GMT 2024","2178","chromium","","Photo gallery menu tests","","","Clicking the ""Anno Domini 2005"" link","Clicking the ""Anno Domini 2005"" link"
"passed","Fri May 17 22:45:34 GMT 2024","Fri May 17 22:45:37 GMT 2024","2733","Google Chrome","","Correct phrase","","","Typing the ""galeria"" as the correct phrase","Typing the ""galeria"" link"
"passed","Fri May 17 22:42:21 GMT 2024","Fri May 17 22:42:22 GMT 2024","1791","chromium","","Parish groups menu tests","","","Clicking the ""Bractwo Żywego Różańca"" link","Clicking the ""Bractwo Żywego Różańca"" link"
"passed","Fri May 17 22:42:21 GMT 2024","Fri May 17 22:42:23 GMT 2024","1918","chromium","","Parish groups menu tests","","","Clicking the ""Duszpasterstwo Osób Niesłyszących"" link","Clicking the ""Duszpasterstwo Osób Niesłyszących"" link"
"passed","Fri May 17 22:45:28 GMT 2024","Fri May 17 22:45:30 GMT 2024","2063","Google Chrome","","Photo gallery menu tests","","","Clicking the ""Anno Domini 2007"" link","Clicking the ""Anno Domini 2007"" link"
"passed","Fri May 17 22:44:13 GMT 2024","Fri May 17 22:44:16 GMT 2024","2668","Microsoft Edge","","Main menu links","","","Clicking the ""Ogłoszenia"" link","Clicking the ""Ogłoszenia"" link"
"passed","Fri May 17 22:42:22 GMT 2024","Fri May 17 22:42:24 GMT 2024","1943","chromium","","Parish groups menu tests","","","Clicking the ""Grupa dorosłych lektorów"" link","Clicking the ""Grupa dorosłych lektorów"" link"
"passed","Fri May 17 22:43:10 GMT 2024","Fri May 17 22:43:13 GMT 2024","3134","firefox","","Parish groups menu tests","","","Clicking the ""Nadzwyczajni Szafarze Komunii Świętej"" link","Clicking the ""Nadzwyczajni Szafarze Komunii Świętej"" link"
"passed","Fri May 17 22:43:16 GMT 2024","Fri May 17 22:43:19 GMT 2024","3052","firefox","","Photo gallery menu tests","","","Clicking the ""Anno Domini 2021"" link","Clicking the ""Anno Domini 2021"" link"
"passed","Fri May 17 22:42:41 GMT 2024","Fri May 17 22:42:43 GMT 2024","2262","chromium","","Priests menu links","","","Clicking the ""Siostry Boromeuszki"" link","Clicking the ""Siostry Boromeuszki"" link"
"passed","Fri May 17 22:42:24 GMT 2024","Fri May 17 22:42:26 GMT 2024","1883","chromium","","Parish groups menu tests","","","Clicking the ""Ministranci"" link","Clicking the ""Ministranci"" link"
"passed","Fri May 17 22:44:48 GMT 2024","Fri May 17 22:44:51 GMT 2024","2582","Microsoft Edge","","Correct phrase","","","Typing the ""Schola"" as the correct phrase","Typing the ""Schola"" link"
"passed","Fri May 17 22:44:31 GMT 2024","Fri May 17 22:44:33 GMT 2024","2151","Microsoft Edge","","Photo gallery menu tests","","","Clicking the ""Anno Domini 2016"" link","Clicking the ""Anno Domini 2016"" link"
"passed","Fri May 17 22:42:46 GMT 2024","Fri May 17 22:42:48 GMT 2024","2333","chromium","","Incorrect phrase","","","Typing the ""Lodwar"" as the incorrect phrase","Typing the ""Lodwar"" link"
"passed","Fri May 17 22:44:39 GMT 2024","Fri May 17 22:44:41 GMT 2024","2139","Microsoft Edge","","Photo gallery menu tests","","","Clicking the ""Anno Domini 2008"" link","Clicking the ""Anno Domini 2008"" link"
"passed","Fri May 17 22:42:19 GMT 2024","Fri May 17 22:42:21 GMT 2024","1868","chromium","","Parish groups menu tests","","","Clicking the ""Bractwo Szkaplerza Świętego"" link","Clicking the ""Bractwo Szkaplerza Świętego"" link"
"passed","Fri May 17 22:45:13 GMT 2024","Fri May 17 22:45:14 GMT 2024","1779","Google Chrome","","Parish groups menu tests","","","Clicking the ""Mężczyźni św. Józefa"" link","Clicking the ""Mężczyźni św. Józefa"" link"
"passed","Fri May 17 22:44:20 GMT 2024","Fri May 17 22:44:21 GMT 2024","1794","Microsoft Edge","","Parish groups menu tests","","","Clicking the ""Bractwo Żywego Różańca"" link","Clicking the ""Bractwo Żywego Różańca"" link"
"passed","Fri May 17 22:42:44 GMT 2024","Fri May 17 22:42:47 GMT 2024","2284","chromium","","Correct phrase","","","Typing the ""historia"" as the correct phrase","Typing the ""historia"" link"
"passed","Fri May 17 22:43:10 GMT 2024","Fri May 17 22:43:13 GMT 2024","2590","firefox","","Parish groups menu tests","","","Clicking the ""Rodzina Radia Maryja"" link","Clicking the ""Rodzina Radia Maryja"" link"
"passed","Fri May 17 22:45:37 GMT 2024","Fri May 17 22:45:39 GMT 2024","2553","Google Chrome","","Incorrect phrase","","","Typing the ""Lodwar"" as the incorrect phrase","Typing the ""Lodwar"" link"
"passed","Fri May 17 22:43:26 GMT 2024","Fri May 17 22:43:29 GMT 2024","3026","firefox","","Photo gallery menu tests","","","Clicking the ""Anno Domini 2008"" link","Clicking the ""Anno Domini 2008"" link"
"passed","Fri May 17 22:43:38 GMT 2024","Fri May 17 22:43:43 GMT 2024","4355","firefox","","Incorrect phrase","","","Typing the ""Lodwar"" as the incorrect phrase","Typing the ""Lodwar"" link"
"passed","Fri May 17 22:45:37 GMT 2024","Fri May 17 22:45:40 GMT 2024","2700","Google Chrome","","Incorrect phrase","","","Typing the ""Almería"" as the incorrect phrase","Typing the ""Almería"" link"
"passed","Fri May 17 22:44:41 GMT 2024","Fri May 17 22:44:43 GMT 2024","2613","Microsoft Edge","","Photo gallery menu tests","","","Clicking the ""Anno Domini 2006"" link","Clicking the ""Anno Domini 2006"" link"
"passed","Fri May 17 22:42:26 GMT 2024","Fri May 17 22:42:28 GMT 2024","1865","chromium","","Parish groups menu tests","","","Clicking the ""Ruch Światło - Życie"" link","Clicking the ""Ruch Światło - Życie"" link"
"passed","Fri May 17 22:45:12 GMT 2024","Fri May 17 22:45:14 GMT 2024","1944","Google Chrome","","Parish groups menu tests","","","Clicking the ""Legion Maryi"" link","Clicking the ""Legion Maryi"" link"
"passed","Fri May 17 22:44:49 GMT 2024","Fri May 17 22:44:52 GMT 2024","3050","Microsoft Edge","","Incorrect phrase","","","Typing the ""Lodwar"" as the incorrect phrase","Typing the ""Lodwar"" link"
"passed","Fri May 17 22:44:16 GMT 2024","Fri May 17 22:44:18 GMT 2024","2419","Microsoft Edge","","Main menu links","","","Clicking the ""Grupy parafialne"" link","Clicking the ""Grupy parafialne"" link"
"passed","Fri May 17 22:43:00 GMT 2024","Fri May 17 22:43:03 GMT 2024","3000","firefox","","Main menu links","","","Clicking the ""Kontakt"" link","Clicking the ""Kontakt"" link"
"passed","Fri May 17 22:42:28 GMT 2024","Fri May 17 22:42:31 GMT 2024","2338","chromium","","Photo gallery menu tests","","","Clicking the ""Anno Domini 2023"" link","Clicking the ""Anno Domini 2023"" link"
"passed","Fri May 17 22:43:05 GMT 2024","Fri May 17 22:43:08 GMT 2024","2437","firefox","","Parish groups menu tests","","","Clicking the ""Grupa dorosłych lektorów"" link","Clicking the ""Grupa dorosłych lektorów"" link"
"passed","Fri May 17 22:43:35 GMT 2024","Fri May 17 22:43:39 GMT 2024","4394","firefox","","Correct phrase","","","Typing the ""historia"" as the correct phrase","Typing the ""historia"" link"
"passed","Fri May 17 22:42:51 GMT 2024","Fri May 17 22:42:57 GMT 2024","5609","firefox","","Main menu dropdown list","","","Clicking the ""Regulamin cmentarza"" link of the drop-down list","Clicking the ""Regulamin cmentarza"" link"
"passed","Fri May 17 22:45:20 GMT 2024","Fri May 17 22:45:23 GMT 2024","2485","Google Chrome","","Photo gallery menu tests","","","Clicking the ""Anno Domini 2018"" link","Clicking the ""Anno Domini 2018"" link"
"passed","Fri May 17 22:42:30 GMT 2024","Fri May 17 22:42:33 GMT 2024","2567","chromium","","Photo gallery menu tests","","","Clicking the ""Anno Domini 2020"" link","Clicking the ""Anno Domini 2020"" link"
"passed","Fri May 17 22:42:26 GMT 2024","Fri May 17 22:42:28 GMT 2024","1855","chromium","","Parish groups menu tests","","","Clicking the ""Schola Dziecięca"" link","Clicking the ""Schola Dziecięca"" link"
"passed","Fri May 17 22:45:16 GMT 2024","Fri May 17 22:45:18 GMT 2024","1536","Google Chrome","","Parish history menu tests","","","Clicking the ""Z kart historii"" link","Clicking the ""Z kart historii"" link"
"passed","Fri May 17 22:42:59 GMT 2024","Fri May 17 22:43:02 GMT 2024","3167","firefox","","Main menu links","","","Clicking the ""Galeria zdjęć"" link","Clicking the ""Galeria zdjęć"" link"
"passed","Fri May 17 22:42:08 GMT 2024","Fri May 17 22:42:15 GMT 2024","7018","chromium","","Main menu dropdown list","","","Clicking the ""Odwiedziny chorych i starszych wiekiem parafian"" link of the drop-down list","Clicking the ""Odwiedziny chorych i starszych wiekiem parafian"" link"
"passed","Fri May 17 22:44:33 GMT 2024","Fri May 17 22:44:39 GMT 2024","6100","Microsoft Edge","","Photo gallery menu tests","","","Clicking the ""Anno Domini 2013"" link","Clicking the ""Anno Domini 2013"" link"
"passed","Fri May 17 22:42:55 GMT 2024","Fri May 17 22:42:58 GMT 2024","3137","firefox","","Main menu links","","","Clicking the ""Strona główna"" link","Clicking the ""Strona główna"" link"
"passed","Fri May 17 22:45:37 GMT 2024","Fri May 17 22:45:40 GMT 2024","2687","Google Chrome","","Incorrect phrase","","","Typing the ""Bosset"" as the incorrect phrase","Typing the ""Bosset"" link"
"passed","Fri May 17 22:43:22 GMT 2024","Fri May 17 22:43:25 GMT 2024","3442","firefox","","Photo gallery menu tests","","","Clicking the ""Anno Domini 2014"" link","Clicking the ""Anno Domini 2014"" link"
"passed","Fri May 17 22:45:03 GMT 2024","Fri May 17 22:45:06 GMT 2024","2798","Google Chrome","","Main menu links","","","Clicking the ""Intencje"" link","Clicking the ""Intencje"" link"
"passed","Fri May 17 22:43:52 GMT 2024","Fri May 17 22:43:55 GMT 2024","2338","Mobile Chrome","","The main menu items","","","Touching the ""Intencje"" menu item","Touching the ""Intencje"" link"
"passed","Fri May 17 22:42:43 GMT 2024","Fri May 17 22:42:46 GMT 2024","2554","chromium","","Correct phrase","","","Typing the ""galeria"" as the correct phrase","Typing the ""galeria"" link"
"passed","Fri May 17 22:42:58 GMT 2024","Fri May 17 22:43:01 GMT 2024","3136","firefox","","Main menu links","","","Clicking the ""Grupy parafialne"" link","Clicking the ""Grupy parafialne"" link"
"passed","Fri May 17 22:42:38 GMT 2024","Fri May 17 22:42:40 GMT 2024","2238","chromium","","Photo gallery menu tests","","","Clicking the ""Anno Domini 2008"" link","Clicking the ""Anno Domini 2008"" link"
"passed","Fri May 17 22:45:03 GMT 2024","Fri May 17 22:45:06 GMT 2024","2939","Google Chrome","","Main menu links","","","Clicking the ""Duszpasterze"" link","Clicking the ""Duszpasterze"" link"
"passed","Fri May 17 22:44:20 GMT 2024","Fri May 17 22:44:22 GMT 2024","1832","Microsoft Edge","","Parish groups menu tests","","","Clicking the ""Chór Parafialny ""Assumptio"""" link","Clicking the ""Chór Parafialny ""Assumptio"""" link"
"passed","Fri May 17 22:42:19 GMT 2024","Fri May 17 22:42:21 GMT 2024","1868","chromium","","Parish groups menu tests","","","Clicking the ""Bractwo Eucharystyczne"" link","Clicking the ""Bractwo Eucharystyczne"" link"
"passed","Fri May 17 22:42:41 GMT 2024","Fri May 17 22:42:43 GMT 2024","2427","chromium","","Priests menu links","","","Clicking the ""Poprzedni proboszczowie"" link","Clicking the ""Poprzedni proboszczowie"" link"
"passed","Fri May 17 22:43:13 GMT 2024","Fri May 17 22:43:16 GMT 2024","2629","firefox","","Parish groups menu tests","","","Clicking the ""Pola działalności duszpasterskiej"" link","Clicking the ""Pola działalności duszpasterskiej"" link"
"passed","Fri May 17 22:42:17 GMT 2024","Fri May 17 22:42:19 GMT 2024","2186","chromium","","Main menu links","","","Clicking the ""Grupy parafialne"" link","Clicking the ""Grupy parafialne"" link"
"passed","Fri May 17 22:42:17 GMT 2024","Fri May 17 22:42:19 GMT 2024","2019","chromium","","Main menu links","","","Clicking the ""Historia parafii"" link","Clicking the ""Historia parafii"" link"
"passed","Fri May 17 22:45:11 GMT 2024","Fri May 17 22:45:13 GMT 2024","1962","Google Chrome","","Parish groups menu tests","","","Clicking the ""Grupa dorosłych lektorów"" link","Clicking the ""Grupa dorosłych lektorów"" link"
"passed","Fri May 17 22:43:48 GMT 2024","Fri May 17 22:43:51 GMT 2024","3804","Mobile Chrome","","Sub dropdown list","","","Touching the ""Odwiedziny chorych i starszych wiekiem parafian"" menu item","Touching the ""Odwiedziny chorych i starszych wiekiem parafian"" link"
"passed","Fri May 17 22:42:47 GMT 2024","Fri May 17 22:42:49 GMT 2024","2253","chromium","","Incorrect phrase","","","Typing the ""Almería"" as the incorrect phrase","Typing the ""Almería"" link"
"passed","Fri May 17 22:43:24 GMT 2024","Fri May 17 22:43:27 GMT 2024","2919","firefox","","Photo gallery menu tests","","","Clicking the ""Anno Domini 2011"" link","Clicking the ""Anno Domini 2011"" link"
"passed","Fri May 17 22:44:17 GMT 2024","Fri May 17 22:44:20 GMT 2024","2135","Microsoft Edge","","Main menu links","","","Clicking the ""Kontakt"" link","Clicking the ""Kontakt"" link"
"passed","Fri May 17 22:43:19 GMT 2024","Fri May 17 22:43:22 GMT 2024","3076","firefox","","Photo gallery menu tests","","","Clicking the ""Anno Domini 2017"" link","Clicking the ""Anno Domini 2017"" link"
"passed","Fri May 17 22:43:27 GMT 2024","Fri May 17 22:43:30 GMT 2024","2851","firefox","","Photo gallery menu tests","","","Clicking the ""Anno Domini 2007"" link","Clicking the ""Anno Domini 2007"" link"
